scope,block,arm,metric,n,mean,p50,p95,p99,valid,attempted,successful
arm,all,00,langflow_overhead_ms,1000,63.52831794,55.17725,86.80045744999998,156.12207449999994,True,1000,1000
arm,all,00,server_total_ms,1000,101.58916181000001,88.1204585,150.7385952,294.08548674999975,True,1000,1000
arm,all,00,scrfd_processing_ms,1000,38.06084387,32.251021,64.14092885000001,116.20636156999996,True,1000,1000
arm,all,00,flow_api_ms,1000,101.66515642579179,88.22822899674065,150.90611251071095,294.0875336399765,True,1000,1000
arm,all,00,upload_ms,1000,7.974036825180519,6.784125027479604,13.662201730767263,24.308717824169435,True,1000,1000
arm,all,01,langflow_overhead_ms,1000,63.827990215999996,57.180291499999996,77.952992,193.85754508999955,True,1000,1000
arm,all,01,server_total_ms,1000,97.993956672,87.7759585,125.96326665,372.05278949999985,True,1000,1000
arm,all,01,scrfd_processing_ms,1000,34.165966456,30.245687,48.44249975,87.12868993999999,True,1000,1000
arm,all,01,flow_api_ms,1000,98.0668404653552,87.89202096522786,126.2821728887502,372.35224852396624,True,1000,1000
arm,all,01,upload_ms,1000,8.925106331007555,6.342436972772703,12.184902402805163,25.913213775493187,True,1000,1000
arm,all,10,langflow_overhead_ms,1000,54.065352483000005,44.675312,70.27732024999996,423.0703554200001,True,1000,1000
arm,all,10,server_total_ms,1000,87.90698855,75.3262495,118.53569964999994,454.42749699999996,True,1000,1000
arm,all,10,scrfd_processing_ms,1000,33.841636066999996,30.197082500000008,49.797960199999984,76.77738191,True,1000,1000
arm,all,10,flow_api_ms,1000,88.00264886725927,75.42770850704983,118.71282983047418,454.37420962553,True,1000,1000
arm,all,10,upload_ms,1000,7.522295990434941,6.598145992029458,13.666008377913384,21.27081807062495,True,1000,1000
arm,all,11,langflow_overhead_ms,1000,57.436976949999995,48.97868750000001,68.60974755,370.68057665999925,True,1000,1000
arm,all,11,server_total_ms,1000,90.507692249,79.586521,112.27316839999996,401.1431961599991,True,1000,1000
arm,all,11,scrfd_processing_ms,1000,33.070715299,30.361353,47.704400599999985,58.19938031999999,True,1000,1000
arm,all,11,flow_api_ms,1000,90.59395543171559,79.68645851360634,112.55908273160456,401.15989213343624,True,1000,1000
arm,all,11,upload_ms,1000,6.959856677858625,6.304125010501593,10.491254125372505,16.97491415427066,True,1000,1000
block,1,00,langflow_overhead_ms,250,67.702776988,56.328979499999996,107.73542445,157.39561101999993,True,250,250
block,1,00,server_total_ms,250,108.651329692,90.656896,189.85783719999998,279.98714415999973,True,250,250
block,1,00,scrfd_processing_ms,250,40.948552704,33.686291999999995,74.66649389999998,121.7561852399999,True,250,250
block,1,00,flow_api_ms,250,108.75584136764519,90.71329201105982,190.20107866090257,280.19305266148854,True,250,250
block,1,00,upload_ms,250,8.209378329338506,7.0066669723019,15.031481243204317,26.51071999629491,True,250,250
block,1,01,langflow_overhead_ms,250,61.602300664000005,56.415415499999995,74.08277224999999,140.65716231999988,True,250,250
block,1,01,server_total_ms,250,94.665670812,85.8002915,120.57257119999994,221.48226382999945,True,250,250
block,1,01,scrfd_processing_ms,250,33.063370148000004,29.224208500000007,47.865895499999986,87.5495454199999,True,250,250
block,1,01,flow_api_ms,250,94.71219586953521,85.8993545116391,120.81674808287056,220.9902355726803,True,250,250
block,1,01,upload_ms,250,10.54334432235919,6.080374994780868,13.657035437063314,32.0019914396107,True,250,250
block,1,10,langflow_overhead_ms,250,56.6630216,45.632290999999995,73.35812404999996,301.24094175999966,True,250,250
block,1,10,server_total_ms,250,91.89004498,77.206,121.6782685999999,491.1865571599974,True,250,250
block,1,10,scrfd_processing_ms,250,35.22702338,30.88970800000002,48.38285205,70.51878307999989,True,250,250
block,1,10,flow_api_ms,250,91.99907483323477,77.3616874939762,122.01945899869305,491.32909409177694,True,250,250
block,1,10,upload_ms,250,7.975212827092037,6.672042014542967,14.417960436549034,29.878446612856298,True,250,250
block,1,11,langflow_overhead_ms,250,55.426540356,47.16879049999999,64.02146889999999,119.38719541999973,True,250,250
block,1,11,server_total_ms,250,87.39101600800001,76.9552915,107.63535214999997,162.96207257999993,True,250,250
block,1,11,scrfd_processing_ms,250,31.964475652,29.611104500000007,43.449422349999985,63.43057900999996,True,250,250
block,1,11,flow_api_ms,250,87.47833649581298,76.92362499074079,107.80574388918464,163.957251580432,True,250,250
block,1,11,upload_ms,250,6.641903358278796,6.055520992958918,9.241046191891652,17.022535409196262,True,250,250
block,2,00,langflow_overhead_ms,250,58.24622516,52.471354999999996,69.21005599999998,101.31112882999992,True,250,250
block,2,00,server_total_ms,250,91.06162366,82.48977099999999,117.34520244999999,218.05505924999895,True,250,250
block,2,00,scrfd_processing_ms,250,32.8153985,29.43699999999999,46.94159245,75.72801090999998,True,250,250
block,2,00,flow_api_ms,250,91.12969216937199,82.44310400914401,117.46245014946908,218.81007835210661,True,250,250
block,2,00,upload_ms,250,7.045764816226438,6.317541963653639,9.298589651007205,14.469431596808127,True,250,250
block,2,01,langflow_overhead_ms,250,63.807975311999996,59.06824999999999,77.226783,118.12957966999969,True,250,250
block,2,01,server_total_ms,250,98.746629012,92.051729,128.39186889999996,172.39107057999982,True,250,250
block,2,01,scrfd_processing_ms,250,34.9386537,31.64441650000001,51.242972499999965,68.52646799999994,True,250,250
block,2,01,flow_api_ms,250,98.83741719718091,92.1126255125273,128.4586439054692,172.76041514996888,True,250,250
block,2,01,upload_ms,250,8.93426530342549,6.558854511240497,10.850139538524664,17.24633841426111,True,250,250
block,2,10,langflow_overhead_ms,250,51.73764054,43.448063,63.67044429999995,282.36178874999746,True,250,250
block,2,10,server_total_ms,250,83.64598501600001,73.1883335,101.86952894999999,312.0019570899974,True,250,250
block,2,10,scrfd_processing_ms,250,31.908344476,29.1453755,46.312628800000006,54.48331516,True,250,250
block,2,10,flow_api_ms,250,83.71497612330131,73.25962447794154,102.03692705836147,311.95296644465736,True,250,250
block,2,10,upload_ms,250,7.161210493650287,6.432312511606142,10.646250180434407,19.545350039261354,True,250,250
block,2,11,langflow_overhead_ms,250,54.80776386,46.354667500000005,68.31261849999999,280.5996814899968,True,250,250
block,2,11,server_total_ms,250,86.39196749599999,76.5240415,106.92741905,335.64915799999704,True,250,250
block,2,11,scrfd_processing_ms,250,31.584203636,29.282228500000013,43.52282325,58.088133239999955,True,250,250
block,2,11,flow_api_ms,250,86.44457832281478,76.5775420004502,107.21132902253885,335.29963121050673,True,250,250
block,2,11,upload_ms,250,6.6856260190252215,6.0244375199545175,9.10390655044466,16.860548082622696,True,250,250
block,3,00,langflow_overhead_ms,250,72.1348403,61.6732925,99.08267224999997,214.20962963999946,True,250,250
block,3,00,server_total_ms,250,117.750521356,99.51583350000001,175.30814564999997,492.4411197399997,True,250,250
block,3,00,scrfd_processing_ms,250,45.615681056,37.372958999999994,76.01772064999999,194.51621165999973,True,250,250
block,3,00,flow_api_ms,250,117.8103151503019,99.82018751907162,175.4394953488372,493.82770106953075,True,250,250
block,3,00,upload_ms,250,9.485960170859471,7.537625002441928,17.819862489704974,26.44335852412039,True,250,250
block,3,01,langflow_overhead_ms,250,62.858240336,56.29629200000001,79.12787584999995,217.9810854299992,True,250,250
block,3,01,server_total_ms,250,96.172128848,85.9773755,122.15866469999997,395.92233932999983,True,250,250
block,3,01,scrfd_processing_ms,250,33.313888512,29.282354500000004,44.367031399999966,97.1580549199994,True,250,250
block,3,01,flow_api_ms,250,96.26855631428771,86.0814375046175,122.3750269215088,395.7760528975631,True,250,250
block,3,01,upload_ms,250,8.791864196537063,6.197375478222966,10.3116522252094,24.678318188525626,True,250,250
block,3,10,langflow_overhead_ms,250,50.495302732,42.93479299999999,58.357530950000005,254.44902806999687,True,250,250
block,3,10,server_total_ms,250,81.943341692,72.0891665,106.48743969999995,317.5144150799975,True,250,250
block,3,10,scrfd_processing_ms,250,31.44803896,29.095916999999996,42.478377299999956,70.72062807999993,True,250,250
block,3,10,flow_api_ms,250,82.03111435612664,72.18499999726191,106.4487496973015,317.68455626733817,True,250,250
block,3,10,upload_ms,250,6.868677332764491,6.285520474193618,10.081573054776523,16.783701746026047,True,250,250
block,3,11,langflow_overhead_ms,250,63.29342746,53.30976999999999,72.02586874999996,278.1443714299983,True,250,250
block,3,11,server_total_ms,250,99.76234198,88.87212500000001,117.10035814999996,312.4217995899984,True,250,250
block,3,11,scrfd_processing_ms,250,36.46891452,34.9094795,50.253675099999995,57.1519525,True,250,250
block,3,11,flow_api_ms,250,99.88345421222039,88.98087497800589,117.00295782648026,312.45091925375,True,250,250
block,3,11,upload_ms,250,7.702290162211284,7.05772900255397,11.555275128921489,18.05947665357961,True,250,250
block,4,00,langflow_overhead_ms,250,56.029429312,53.22091599999999,65.42841659999998,79.20935491999992,True,250,250
block,4,00,server_total_ms,250,88.893172532,83.981854,111.8435561,139.82129982999996,True,250,250
block,4,00,scrfd_processing_ms,250,32.86374322,30.170895499999993,46.193581549999976,63.41012099999999,True,250,250
block,4,00,flow_api_ms,250,88.96477701584809,84.11127049475908,111.88353955803905,139.9250912846764,True,250,250
block,4,00,upload_ms,250,7.155043984297663,6.512145511806011,11.924945961800404,16.575287429732267,True,250,250
block,4,01,langflow_overhead_ms,250,67.043444552,57.259166500000006,86.74231100000003,332.7250954999987,True,250,250
block,4,01,server_total_ms,250,102.39139801600001,87.8789795,135.04367499999998,413.1783762499997,True,250,250
block,4,01,scrfd_processing_ms,250,35.347953464,30.66629149999999,47.99438869999999,100.12056457999981,True,250,250
block,4,01,flow_api_ms,250,102.44919248041697,88.03279150743037,135.3114751516841,413.29973197192857,True,250,250
block,4,01,upload_ms,250,7.430951501708478,6.411250506062061,14.318459882633746,22.167133902548805,True,250,250
block,4,10,langflow_overhead_ms,250,57.36544506,47.206333500000014,76.47709589999994,277.53258891999707,True,250,250
block,4,10,server_total_ms,250,94.14858251199999,80.05918750000001,144.66500434999995,341.89435958999775,True,250,250
block,4,10,scrfd_processing_ms,250,36.783137452000005,32.57564599999999,64.34019199999999,86.69492365999984,True,250,250
block,4,10,flow_api_ms,250,94.26543015637435,80.07018751231954,145.05589129694266,342.3619541031053,True,250,250
block,4,10,upload_ms,250,8.084083308232948,7.064750010613352,14.12258954951539,22.12820241169537,True,250,250
block,4,11,langflow_overhead_ms,250,56.220176124,47.258833499999994,64.28863994999999,295.93002940999645,True,250,250
block,4,11,server_total_ms,250,88.485443512,77.0454795,114.19005784999996,362.0482436599972,True,250,250
block,4,11,scrfd_processing_ms,250,32.265267388,29.087250500000007,45.525834200000006,57.81579558999999,True,250,250
block,4,11,flow_api_ms,250,88.5694526960142,77.10806251270697,114.41080001532096,362.3086609132559,True,250,250
block,4,11,upload_ms,250,6.809607171919197,6.171499990159646,10.326521476963531,15.914329820661802,True,250,250
