run,marker,success,http_status,uploaded_file_path,upload_latency_ms,flow_api_latency_ms,user_e2e_latency_ms,client_between_steps_ms,trace_id,trace_total_latency_ms,chat_input_ms,scrfd_preprocess_ms,scrfd_inference_ms,scrfd_draw_detections_ms,detection_image_output_ms,chat_output_ms,component_sum_ms,internal_orchestration_overhead_ms,internal_orchestration_overhead_percent,flow_api_minus_trace_ms,user_e2e_minus_trace_ms,user_e2e_minus_component_sum_ms,component_match_ok,error
1,benchmark-real-upload-001,True,200,d7b1b956-0181-472e-8d6f-ccf7e55a4066/2026-09-17_16-45-01_benchmark-real-upload-001_67b49a50767c4c73804d180ef64cd9a8.jpg,14.389,106.6105,121.0642,0.0648,7cf77553-3087-4276-9305-56698ea90902,45.0,2.0,7.0,20.0,5.0,1.0,2.0,37.0,8.0,17.7778,61.6105,76.0642,84.0642,True,
2,benchmark-real-upload-002,True,200,d7b1b956-0181-472e-8d6f-ccf7e55a4066/2026-09-17_16-45-01_benchmark-real-upload-002_c7684f11e4d24b96bc3acd32c669b274.jpg,14.8803,114.299,129.2357,0.0565,866a2a19-ca75-448f-a2ed-3883a86e3e04,44.0,2.0,9.0,18.0,5.0,1.0,2.0,37.0,7.0,15.9091,70.299,85.2357,92.2357,True,
3,benchmark-real-upload-003,True,200,d7b1b956-0181-472e-8d6f-ccf7e55a4066/2026-09-17_16-45-01_benchmark-real-upload-003_35ee14e21d7f48ef91007f35d51976b3.jpg,8.9863,94.1328,103.229,0.1098,db3f49a6-314d-48ab-ad2e-59396d952336,49.0,2.0,9.0,21.0,6.0,1.0,2.0,41.0,8.0,16.3265,45.1328,54.229,62.229,True,
4,benchmark-real-upload-004,True,200,d7b1b956-0181-472e-8d6f-ccf7e55a4066/2026-09-17_16-45-01_benchmark-real-upload-004_57b09aba55554aaf995b82a6ad2a2be7.jpg,8.9655,101.4008,110.4262,0.0599,7e75bb0e-f86f-4284-a02f-feef72c9acec,45.0,2.0,8.0,18.0,5.0,2.0,2.0,37.0,8.0,17.7778,56.4008,65.4262,73.4262,True,
5,benchmark-real-upload-005,True,200,d7b1b956-0181-472e-8d6f-ccf7e55a4066/2026-09-17_16-45-01_benchmark-real-upload-005_e75d643883cb487c874909eccbc44e9b.jpg,8.9811,91.9288,101.003,0.0931,fcb8cb63-0a6d-4101-bd21-d383fd046e3e,42.0,3.0,6.0,17.0,6.0,0.0,2.0,34.0,8.0,19.0476,49.9288,59.003,67.003,True,
6,benchmark-real-upload-006,True,200,d7b1b956-0181-472e-8d6f-ccf7e55a4066/2026-09-17_16-45-02_benchmark-real-upload-006_43ba9749514746e3819447366fc708d4.jpg,13.5023,86.066,99.6421,0.0738,833690e4-df6c-42fe-8cc3-faf9c89649fa,43.0,2.0,8.0,18.0,5.0,0.0,2.0,35.0,8.0,18.6047,43.066,56.6421,64.6421,True,
7,benchmark-real-upload-007,True,200,d7b1b956-0181-472e-8d6f-ccf7e55a4066/2026-09-17_16-45-02_benchmark-real-upload-007_5ce891de7c3640a98bcd7445db74abb1.jpg,11.1465,86.2594,97.4867,0.0808,76af6b14-9f89-4c8d-8c32-095d3ae4dc14,42.0,2.0,7.0,18.0,5.0,1.0,2.0,35.0,7.0,16.6667,44.2594,55.4867,62.4867,True,
8,benchmark-real-upload-008,True,200,d7b1b956-0181-472e-8d6f-ccf7e55a4066/2026-09-17_16-45-02_benchmark-real-upload-008_1c85248014594c379a3917bcf8501b89.jpg,8.714,96.0348,104.8168,0.0681,abbc9b49-7273-46e0-8184-e75db1c92c22,51.0,4.0,7.0,19.0,8.0,2.0,2.0,42.0,9.0,17.6471,45.0348,53.8168,62.8168,True,
9,benchmark-real-upload-009,True,200,d7b1b956-0181-472e-8d6f-ccf7e55a4066/2026-09-17_16-45-02_benchmark-real-upload-009_bc04c373fa4f4727a362444aaca248f1.jpg,13.981,86.36,100.4813,0.1403,3b68f462-343c-41fb-9494-91c4b6778275,42.0,2.0,7.0,18.0,5.0,1.0,2.0,35.0,7.0,16.6667,44.36,58.4813,65.4813,True,
10,benchmark-real-upload-010,True,200,d7b1b956-0181-472e-8d6f-ccf7e55a4066/2026-09-17_16-45-02_benchmark-real-upload-010_642c4e7f0c244ece874af681f054c451.jpg,8.4972,84.0858,92.6444,0.0615,4577bd54-22ec-4d8b-827e-2548dc23fd13,42.0,2.0,7.0,18.0,5.0,0.0,2.0,34.0,8.0,19.0476,42.0858,50.6444,58.6444,True,
11,benchmark-real-upload-011,True,200,d7b1b956-0181-472e-8d6f-ccf7e55a4066/2026-09-17_16-45-02_benchmark-real-upload-011_e834de99f6694a13b673e56027325940.jpg,28.6085,84.9382,113.6212,0.0744,3b777852-daa9-48fd-8443-19691a95d396,42.0,2.0,7.0,18.0,5.0,0.0,1.0,33.0,9.0,21.4286,42.9382,71.6212,80.6212,True,
12,benchmark-real-upload-012,True,200,d7b1b956-0181-472e-8d6f-ccf7e55a4066/2026-09-17_16-45-02_benchmark-real-upload-012_e5d67503f3274c66858226690de10a19.jpg,9.4053,94.3523,103.8458,0.0882,8d794e5b-08df-416a-ba08-c7f29c9e55b5,48.0,5.0,11.0,18.0,5.0,0.0,2.0,41.0,7.0,14.5833,46.3523,55.8458,62.8458,True,
13,benchmark-real-upload-013,True,200,d7b1b956-0181-472e-8d6f-ccf7e55a4066/2026-09-17_16-45-03_benchmark-real-upload-013_6b9730bf153b428ea379e75dc49d6f46.jpg,11.5043,101.0139,112.5812,0.063,fa81ee82-0f60-497d-ae40-d8a0a0652d70,49.0,2.0,8.0,23.0,5.0,1.0,2.0,41.0,8.0,16.3265,52.0139,63.5812,71.5812,True,
14,benchmark-real-upload-014,True,200,d7b1b956-0181-472e-8d6f-ccf7e55a4066/2026-09-17_16-45-03_benchmark-real-upload-014_7f1e26746fb34690aab0759b15dbeebb.jpg,8.8883,88.909,97.8844,0.087,004d310b-6944-498c-b0d3-a1819c2b8cfb,42.0,2.0,7.0,18.0,5.0,0.0,2.0,34.0,8.0,19.0476,46.909,55.8844,63.8844,True,
15,benchmark-real-upload-015,True,200,d7b1b956-0181-472e-8d6f-ccf7e55a4066/2026-09-17_16-45-03_benchmark-real-upload-015_9726c226ad5541098b0a5893dfe32ce1.jpg,8.9098,86.3047,95.2972,0.0827,08e08b00-3d53-48ca-996d-e6920be5024e,43.0,2.0,7.0,19.0,5.0,1.0,1.0,35.0,8.0,18.6047,43.3047,52.2972,60.2972,True,
16,benchmark-real-upload-016,True,200,d7b1b956-0181-472e-8d6f-ccf7e55a4066/2026-09-17_16-45-03_benchmark-real-upload-016_a02964b7d4cf4edc87eb37664b9129e8.jpg,13.0587,89.8379,103.054,0.1575,bb8aefae-fc46-4051-a0bf-ca6035ab8b7b,44.0,2.0,9.0,18.0,5.0,0.0,2.0,36.0,8.0,18.1818,45.8379,59.054,67.054,True,
17,benchmark-real-upload-017,True,200,d7b1b956-0181-472e-8d6f-ccf7e55a4066/2026-09-17_16-45-03_benchmark-real-upload-017_61a94631a1f04870bdf20679b8d3f5c2.jpg,11.0895,88.345,99.4788,0.0442,a18459f4-d8a8-467a-b434-bc70458461e0,44.0,2.0,7.0,19.0,5.0,1.0,1.0,35.0,9.0,20.4545,44.345,55.4788,64.4788,True,
18,benchmark-real-upload-018,True,200,d7b1b956-0181-472e-8d6f-ccf7e55a4066/2026-09-17_16-45-03_benchmark-real-upload-018_183722a540d147db9b559214991cd0eb.jpg,8.1955,88.9645,97.2293,0.0693,1f0ad599-2864-4c2a-8df8-8264ab3cecf7,45.0,2.0,10.0,18.0,5.0,0.0,2.0,37.0,8.0,17.7778,43.9645,52.2293,60.2293,True,
19,benchmark-real-upload-019,True,200,d7b1b956-0181-472e-8d6f-ccf7e55a4066/2026-09-17_16-45-03_benchmark-real-upload-019_c551d3c19f1545918f6055fc36564f85.jpg,9.375,92.2424,101.705,0.0876,f59295dd-8339-4287-b139-75ee4440467b,46.0,3.0,11.0,18.0,5.0,0.0,2.0,39.0,7.0,15.2174,46.2424,55.705,62.705,True,
20,benchmark-real-upload-020,True,200,d7b1b956-0181-472e-8d6f-ccf7e55a4066/2026-09-17_16-45-03_benchmark-real-upload-020_94385fdbcd494d66a2de47ca7453b086.jpg,11.254,88.1823,99.5594,0.123,bfc84e3c-5488-4a96-a43c-7d799fe532cd,42.0,2.0,7.0,17.0,5.0,0.0,2.0,33.0,9.0,21.4286,46.1823,57.5594,66.5594,True,
21,benchmark-real-upload-021,True,200,d7b1b956-0181-472e-8d6f-ccf7e55a4066/2026-09-17_16-45-04_benchmark-real-upload-021_a80a781878f3431dadc52d3d54f8d365.jpg,9.2198,95.8623,105.1875,0.1054,9ab87bd5-30f6-4130-a630-700e1fb33fb4,47.0,2.0,9.0,19.0,5.0,1.0,1.0,37.0,10.0,21.2766,48.8623,58.1875,68.1875,True,
22,benchmark-real-upload-022,True,200,d7b1b956-0181-472e-8d6f-ccf7e55a4066/2026-09-17_16-45-04_benchmark-real-upload-022_204461b8883a42c290c85a871011b8b7.jpg,9.2817,85.3269,94.715,0.1065,56bad6bd-a0af-43ee-ba71-ca0cd4866243,42.0,2.0,7.0,18.0,5.0,0.0,2.0,34.0,8.0,19.0476,43.3269,52.715,60.715,True,
23,benchmark-real-upload-023,True,200,d7b1b956-0181-472e-8d6f-ccf7e55a4066/2026-09-17_16-45-04_benchmark-real-upload-023_8a499635e1a740c5998ce2ab3619b650.jpg,28.4011,92.9912,121.4619,0.0695,e21bdcda-2e38-4c15-99c5-0b5747e72dc2,43.0,2.0,7.0,18.0,5.0,0.0,2.0,34.0,9.0,20.9302,49.9912,78.4619,87.4619,True,
24,benchmark-real-upload-024,True,200,d7b1b956-0181-472e-8d6f-ccf7e55a4066/2026-09-17_16-45-04_benchmark-real-upload-024_391a2eebb3ad4234bca27e6187dd8004.jpg,12.4352,85.911,98.4108,0.0646,2e1f729a-3328-4336-aada-b14f3a1c4027,44.0,2.0,7.0,18.0,5.0,2.0,1.0,35.0,9.0,20.4545,41.911,54.4108,63.4108,True,
25,benchmark-real-upload-025,True,200,d7b1b956-0181-472e-8d6f-ccf7e55a4066/2026-09-17_16-45-04_benchmark-real-upload-025_5aad14e8e5c2444cabdd962b2608b5cb.jpg,12.1523,93.5614,105.8252,0.1116,0d530d06-cec1-4cf1-8860-04f091b8d0bb,50.0,2.0,8.0,25.0,5.0,0.0,2.0,42.0,8.0,16.0,43.5614,55.8252,63.8252,True,
26,benchmark-real-upload-026,True,200,d7b1b956-0181-472e-8d6f-ccf7e55a4066/2026-09-17_16-45-04_benchmark-real-upload-026_6b7ebec79d4e44b4810cda47bf1b4095.jpg,8.778,108.4397,117.2867,0.069,bec28b21-423b-4591-9c8d-9d12d83c6bd5,41.0,2.0,7.0,18.0,5.0,0.0,2.0,34.0,7.0,17.0732,67.4397,76.2867,83.2867,True,
27,benchmark-real-upload-027,True,200,d7b1b956-0181-472e-8d6f-ccf7e55a4066/2026-09-17_16-45-04_benchmark-real-upload-027_95e36d291fd24dec9b78eb6e17373a68.jpg,11.1539,89.8432,101.0377,0.0405,891e2ec5-5d4c-461d-bfa6-6077c44d5899,45.0,4.0,8.0,17.0,5.0,1.0,2.0,37.0,8.0,17.7778,44.8432,56.0377,64.0377,True,
28,benchmark-real-upload-028,True,200,d7b1b956-0181-472e-8d6f-ccf7e55a4066/2026-09-17_16-45-05_benchmark-real-upload-028_d7d69de0dd70473096e219dbcb81e71b.jpg,10.3162,91.9336,102.4225,0.1727,267671f4-0fdf-474f-8cbd-7bafb528bc25,48.0,3.0,12.0,19.0,5.0,0.0,1.0,40.0,8.0,16.6667,43.9336,54.4225,62.4225,True,
29,benchmark-real-upload-029,True,200,d7b1b956-0181-472e-8d6f-ccf7e55a4066/2026-09-17_16-45-05_benchmark-real-upload-029_ec465a6371514fe4b61bdec780623a67.jpg,10.5338,93.0678,103.6704,0.0687,9977863c-5930-40c3-9adf-dc5ef6b76104,46.0,2.0,11.0,19.0,5.0,0.0,1.0,38.0,8.0,17.3913,47.0678,57.6704,65.6704,True,
30,benchmark-real-upload-030,True,200,d7b1b956-0181-472e-8d6f-ccf7e55a4066/2026-09-17_16-45-05_benchmark-real-upload-030_92b4f7cd97d846b5ac7c6e7d64d7e752.jpg,12.7832,93.0817,105.9339,0.069,59601bc6-3e1c-4ad0-bf81-fdd15d72d199,48.0,3.0,12.0,18.0,5.0,1.0,2.0,41.0,7.0,14.5833,45.0817,57.9339,64.9339,True,
31,benchmark-real-upload-031,True,200,d7b1b956-0181-472e-8d6f-ccf7e55a4066/2026-09-17_16-45-05_benchmark-real-upload-031_bb8a4814f36644f093e170d40a019aff.jpg,14.3537,85.6504,100.1191,0.115,6e03c1a3-694f-4fa2-95ef-99df33ee7844,41.0,2.0,7.0,17.0,5.0,0.0,2.0,33.0,8.0,19.5122,44.6504,59.1191,67.1191,True,
32,benchmark-real-upload-032,True,200,d7b1b956-0181-472e-8d6f-ccf7e55a4066/2026-09-17_16-45-05_benchmark-real-upload-032_2e7b260696d94fd591cf3e0f8c847451.jpg,8.6944,96.7791,105.5904,0.1169,282aefd5-b2c5-4e5f-8f3a-f1bc2ab08bd2,48.0,2.0,10.0,20.0,5.0,1.0,2.0,40.0,8.0,16.6667,48.7791,57.5904,65.5904,True,
33,benchmark-real-upload-033,True,200,d7b1b956-0181-472e-8d6f-ccf7e55a4066/2026-09-17_16-45-05_benchmark-real-upload-033_8afbbe9896224de28af8f09c99e97832.jpg,9.0388,89.2704,98.3664,0.0573,8da6d791-9540-4ab3-9265-1fc6e2088dad,44.0,2.0,10.0,18.0,5.0,0.0,1.0,36.0,8.0,18.1818,45.2704,54.3664,62.3664,True,
34,benchmark-real-upload-034,True,200,d7b1b956-0181-472e-8d6f-ccf7e55a4066/2026-09-17_16-45-05_benchmark-real-upload-034_04e8ea0fd43849218879f57149c4ecbc.jpg,12.1092,90.3344,102.5104,0.0669,89da22d7-fb9e-4c87-b5b7-f4abe2475c59,47.0,2.0,9.0,18.0,6.0,1.0,2.0,38.0,9.0,19.1489,43.3344,55.5104,64.5104,True,
35,benchmark-real-upload-035,True,200,d7b1b956-0181-472e-8d6f-ccf7e55a4066/2026-09-17_16-45-06_benchmark-real-upload-035_c95881d2ab624e4d99224931daab59eb.jpg,8.5757,85.8309,94.47,0.0634,5591d2c9-b8f5-446d-b3f3-c6648cf9012c,42.0,2.0,8.0,18.0,5.0,0.0,1.0,34.0,8.0,19.0476,43.8309,52.47,60.47,True,
36,benchmark-real-upload-036,True,200,d7b1b956-0181-472e-8d6f-ccf7e55a4066/2026-09-17_16-45-06_benchmark-real-upload-036_e8cdd21b17744991b2f308810b61da01.jpg,10.0828,91.1296,101.2816,0.0691,beadedee-2495-4cdf-b760-502e0e743c3b,44.0,3.0,9.0,18.0,5.0,0.0,1.0,36.0,8.0,18.1818,47.1296,57.2816,65.2816,True,
37,benchmark-real-upload-037,True,200,d7b1b956-0181-472e-8d6f-ccf7e55a4066/2026-09-17_16-45-06_benchmark-real-upload-037_a3f852536b38457ca228a58bbaf78549.jpg,8.6852,89.8848,98.6332,0.0632,7e0570f6-30f9-4658-884f-28122f72d6b4,44.0,2.0,9.0,18.0,5.0,1.0,2.0,37.0,7.0,15.9091,45.8848,54.6332,61.6332,True,
38,benchmark-real-upload-038,True,200,d7b1b956-0181-472e-8d6f-ccf7e55a4066/2026-09-17_16-45-06_benchmark-real-upload-038_cc7d0f12a83e4feeae10327484104266.jpg,9.2045,88.3992,97.6645,0.0608,4ef64bc6-eaa3-4b0e-9323-4af180aeadd2,44.0,2.0,9.0,18.0,5.0,0.0,2.0,36.0,8.0,18.1818,44.3992,53.6645,61.6645,True,
39,benchmark-real-upload-039,True,200,d7b1b956-0181-472e-8d6f-ccf7e55a4066/2026-09-17_16-45-06_benchmark-real-upload-039_43a9e1adca1c4730a896ff96754c1062.jpg,11.7091,94.3301,106.1166,0.0774,e4d8f686-ba7e-416d-af24-7249ff739a20,49.0,2.0,10.0,22.0,5.0,0.0,2.0,41.0,8.0,16.3265,45.3301,57.1166,65.1166,True,
40,benchmark-real-upload-040,True,200,d7b1b956-0181-472e-8d6f-ccf7e55a4066/2026-09-17_16-45-06_benchmark-real-upload-040_e4ebe9ce2e174bbe8c8bc79a660fe132.jpg,9.7321,90.6299,100.433,0.071,d3f5f87e-a8be-4ce4-b8fc-fc5298abebb7,45.0,3.0,10.0,18.0,5.0,1.0,2.0,39.0,6.0,13.3333,45.6299,55.433,61.433,True,
41,benchmark-real-upload-041,True,200,d7b1b956-0181-472e-8d6f-ccf7e55a4066/2026-09-17_16-45-06_benchmark-real-upload-041_8785aa79462b4ecba66bf20197661e50.jpg,34.0791,87.3065,121.446,0.0605,4a33318a-ef55-494d-b13e-212d75ca3ef9,44.0,2.0,9.0,18.0,5.0,0.0,1.0,35.0,9.0,20.4545,43.3065,77.446,86.446,True,
42,benchmark-real-upload-042,True,200,d7b1b956-0181-472e-8d6f-ccf7e55a4066/2026-09-17_16-45-06_benchmark-real-upload-042_b27f278211834c2e9de4512f94746612.jpg,12.7988,87.7018,100.6133,0.1127,f8287709-6cb3-440c-9cd4-5d21df5d9781,45.0,2.0,10.0,18.0,5.0,0.0,2.0,37.0,8.0,17.7778,42.7018,55.6133,63.6133,True,
43,benchmark-real-upload-043,True,200,d7b1b956-0181-472e-8d6f-ccf7e55a4066/2026-09-17_16-45-07_benchmark-real-upload-043_71f2ae0140dd4ebf8aecfcd6a9157e08.jpg,9.245,92.1594,101.4729,0.0685,a6f596c1-3742-4506-a77e-8eaa2476544e,42.0,3.0,8.0,17.0,5.0,1.0,2.0,36.0,6.0,14.2857,50.1594,59.4729,65.4729,True,
44,benchmark-real-upload-044,True,200,d7b1b956-0181-472e-8d6f-ccf7e55a4066/2026-09-17_16-45-07_benchmark-real-upload-044_d9fd1b39c3dc4d94b58f5acc16d507ed.jpg,10.466,117.0281,135.6481,8.154,1c7c5b29-a054-4043-be15-b1494b6ed23f,48.0,2.0,10.0,19.0,5.0,1.0,2.0,39.0,9.0,18.75,69.0281,87.6481,96.6481,True,
45,benchmark-real-upload-045,True,200,d7b1b956-0181-472e-8d6f-ccf7e55a4066/2026-09-17_16-45-07_benchmark-real-upload-045_aebcabdd625d42a98cefc0dc6ecf8175.jpg,8.8889,118.3175,127.3944,0.188,c54c4b7a-3074-401b-af7b-1b99f8507c85,71.0,2.0,10.0,42.0,5.0,1.0,2.0,62.0,9.0,12.6761,47.3175,56.3944,65.3944,True,
46,benchmark-real-upload-046,True,200,d7b1b956-0181-472e-8d6f-ccf7e55a4066/2026-09-17_16-45-07_benchmark-real-upload-046_c351e5d38db84d73b659fd33a3d1fd82.jpg,9.0365,90.704,99.8312,0.0906,4c654d97-5df7-4eb7-95a3-94ad79fc1a2e,43.0,2.0,8.0,18.0,5.0,0.0,2.0,35.0,8.0,18.6047,47.704,56.8312,64.8312,True,
47,benchmark-real-upload-047,True,200,d7b1b956-0181-472e-8d6f-ccf7e55a4066/2026-09-17_16-45-07_benchmark-real-upload-047_3a9ed9b9019e42268de32619d27dfe2b.jpg,8.5115,87.7202,96.2987,0.067,65b9daa1-53c8-40cb-99ca-2180a43aaa3e,44.0,2.0,8.0,19.0,5.0,1.0,2.0,37.0,7.0,15.9091,43.7202,52.2987,59.2987,True,
48,benchmark-real-upload-048,True,200,d7b1b956-0181-472e-8d6f-ccf7e55a4066/2026-09-17_16-45-07_benchmark-real-upload-048_153789cb4e1a457a9deb1b4137f1212a.jpg,13.5829,90.6524,104.3162,0.0808,db6ec207-1f7f-4a5a-bd12-e4358c800cd8,46.0,2.0,12.0,17.0,5.0,1.0,2.0,39.0,7.0,15.2174,44.6524,58.3162,65.3162,True,
49,benchmark-real-upload-049,True,200,d7b1b956-0181-472e-8d6f-ccf7e55a4066/2026-09-17_16-45-07_benchmark-real-upload-049_29837c0abb364398bba27922709b9150.jpg,9.6954,102.4528,112.2172,0.069,17c9848b-6f08-4fd3-a043-a8604b0bc075,53.0,4.0,9.0,17.0,7.0,2.0,2.0,41.0,12.0,22.6415,49.4528,59.2172,71.2172,True,
50,benchmark-real-upload-050,True,200,d7b1b956-0181-472e-8d6f-ccf7e55a4066/2026-09-17_16-45-08_benchmark-real-upload-050_a03826bd549a4cd9bfa2f05aea7faad0.jpg,8.7475,87.7952,96.6076,0.0648,05693cc8-07d2-4ee2-86da-104cbc0863d2,41.0,2.0,7.0,18.0,5.0,0.0,2.0,34.0,7.0,17.0732,46.7952,55.6076,62.6076,True,
51,benchmark-real-upload-051,True,200,d7b1b956-0181-472e-8d6f-ccf7e55a4066/2026-09-17_16-45-08_benchmark-real-upload-051_9702892176334e759f66eb451e8cce91.jpg,8.5059,95.415,103.9991,0.0782,3b513907-95a2-4a8b-bf9c-50b2e16f5c27,45.0,2.0,7.0,18.0,7.0,1.0,2.0,37.0,8.0,17.7778,50.415,58.9991,66.9991,True,
52,benchmark-real-upload-052,True,200,d7b1b956-0181-472e-8d6f-ccf7e55a4066/2026-09-17_16-45-08_benchmark-real-upload-052_9c41f35b9ca9441b9cc5f16bc02c5b9c.jpg,9.0395,88.7576,97.883,0.0858,91607ee7-f337-4c07-88da-204966c47468,42.0,2.0,7.0,18.0,5.0,0.0,2.0,34.0,8.0,19.0476,46.7576,55.883,63.883,True,
53,benchmark-real-upload-053,True,200,d7b1b956-0181-472e-8d6f-ccf7e55a4066/2026-09-17_16-45-08_benchmark-real-upload-053_85359855bc5a4135a6e09b5dc503747f.jpg,13.0165,86.554,99.6383,0.0679,f63d56a8-337c-4f0a-be74-808a94dc2417,42.0,2.0,7.0,18.0,5.0,0.0,2.0,34.0,8.0,19.0476,44.554,57.6383,65.6383,True,
54,benchmark-real-upload-054,True,200,d7b1b956-0181-472e-8d6f-ccf7e55a4066/2026-09-17_16-45-08_benchmark-real-upload-054_9becd372453148e3af795ca17982c30e.jpg,10.0152,93.6683,103.7875,0.104,72648fb1-8f3a-4648-994e-fcb128f763ae,46.0,3.0,8.0,20.0,5.0,1.0,2.0,39.0,7.0,15.2174,47.6683,57.7875,64.7875,True,
55,benchmark-real-upload-055,True,200,d7b1b956-0181-472e-8d6f-ccf7e55a4066/2026-09-17_16-45-08_benchmark-real-upload-055_2bab9c7da7a744f2a41a6fdc802d1099.jpg,8.5556,87.6636,96.281,0.0618,d4edec06-9c23-45b5-b078-99ab3d251f27,44.0,2.0,9.0,18.0,5.0,0.0,2.0,36.0,8.0,18.1818,43.6636,52.281,60.281,True,
56,benchmark-real-upload-056,True,200,d7b1b956-0181-472e-8d6f-ccf7e55a4066/2026-09-17_16-45-09_benchmark-real-upload-056_dae2aba7a9f8434daff15a185c165377.jpg,12.0312,506.1862,518.3173,0.0999,1c5b88fa-3338-47c3-9b0c-aacc430b4234,47.0,5.0,9.0,18.0,5.0,1.0,2.0,40.0,7.0,14.8936,459.1862,471.3173,478.3173,True,
57,benchmark-real-upload-057,True,200,d7b1b956-0181-472e-8d6f-ccf7e55a4066/2026-09-17_16-45-09_benchmark-real-upload-057_3eff6bdff8ab45cdb8d28f7a9c7f4f0a.jpg,8.9661,86.2405,95.3289,0.1223,af155849-c63f-44f1-8a3c-f824b8367ab0,42.0,2.0,7.0,18.0,5.0,0.0,2.0,34.0,8.0,19.0476,44.2405,53.3289,61.3289,True,
58,benchmark-real-upload-058,True,200,d7b1b956-0181-472e-8d6f-ccf7e55a4066/2026-09-17_16-45-09_benchmark-real-upload-058_a72e3a621588407f98b1fbaf99fb98d1.jpg,10.4494,142.2689,152.8073,0.089,b8017ab4-bc6b-486f-b2ac-52d2d282ce36,70.0,4.0,18.0,31.0,6.0,0.0,2.0,61.0,9.0,12.8571,72.2689,82.8073,91.8073,True,
59,benchmark-real-upload-059,True,200,d7b1b956-0181-472e-8d6f-ccf7e55a4066/2026-09-17_16-45-09_benchmark-real-upload-059_ee9479667d9649d3a7baab82ba70a002.jpg,18.7003,136.7543,155.505,0.0505,d792ac57-75fe-4960-ba23-99b13a62ad92,59.0,3.0,14.0,25.0,6.0,1.0,2.0,51.0,8.0,13.5593,77.7543,96.505,104.505,True,
60,benchmark-real-upload-060,True,200,d7b1b956-0181-472e-8d6f-ccf7e55a4066/2026-09-17_16-45-10_benchmark-real-upload-060_50ee37691a7242d28abbf527019449a0.jpg,11.3169,129.4071,140.7653,0.0413,0d84ebc8-9706-4797-af4a-5b895bdeda1c,82.0,3.0,41.0,21.0,5.0,1.0,2.0,73.0,9.0,10.9756,47.4071,58.7653,67.7653,True,
61,benchmark-real-upload-061,True,200,d7b1b956-0181-472e-8d6f-ccf7e55a4066/2026-09-17_16-45-10_benchmark-real-upload-061_e1254835c26a4b25b655006e3546f06c.jpg,9.8272,92.4461,102.3537,0.0804,273f38b6-ad27-4e4b-831c-9b2e34e5e076,47.0,3.0,12.0,18.0,5.0,0.0,2.0,40.0,7.0,14.8936,45.4461,55.3537,62.3537,True,
62,benchmark-real-upload-062,True,200,d7b1b956-0181-472e-8d6f-ccf7e55a4066/2026-09-17_16-45-10_benchmark-real-upload-062_bdefa01772824ccd88400fa61f2ba50b.jpg,11.002,96.3823,107.5242,0.1399,9564b987-9655-4e85-8a26-6f60af9cd2e2,50.0,3.0,13.0,19.0,5.0,0.0,2.0,42.0,8.0,16.0,46.3823,57.5242,65.5242,True,
63,benchmark-real-upload-063,True,200,d7b1b956-0181-472e-8d6f-ccf7e55a4066/2026-09-17_16-45-10_benchmark-real-upload-063_a39394d91efb4651b70aabf980aa346f.jpg,11.5619,98.86,110.4965,0.0747,7d620be2-b57b-41ff-b7de-2583a5889ba3,51.0,3.0,12.0,20.0,5.0,0.0,2.0,42.0,9.0,17.6471,47.86,59.4965,68.4965,True,
64,benchmark-real-upload-064,True,200,d7b1b956-0181-472e-8d6f-ccf7e55a4066/2026-09-17_16-45-10_benchmark-real-upload-064_f7fb4f7f3daf47af9b2528aca950d6d6.jpg,12.682,110.6584,123.386,0.0456,34b093af-d52e-4203-a2f4-9e32f1469e04,58.0,3.0,14.0,22.0,6.0,1.0,2.0,48.0,10.0,17.2414,52.6584,65.386,75.386,True,
65,benchmark-real-upload-065,True,200,d7b1b956-0181-472e-8d6f-ccf7e55a4066/2026-09-17_16-45-10_benchmark-real-upload-065_bba509d7200e4022b824ce3e8861df80.jpg,9.935,105.7627,115.7365,0.0388,bbe176fe-cca2-4c7a-92ba-3fd86c4ada71,58.0,3.0,15.0,24.0,5.0,1.0,2.0,50.0,8.0,13.7931,47.7627,57.7365,65.7365,True,
66,benchmark-real-upload-066,True,200,d7b1b956-0181-472e-8d6f-ccf7e55a4066/2026-09-17_16-45-11_benchmark-real-upload-066_1ba2a2b65d0b44eea4f20d99e136baf9.jpg,12.733,92.4062,105.1928,0.0536,39f7b6c2-1c21-4682-9f39-729f49cb125a,45.0,3.0,8.0,18.0,6.0,1.0,2.0,38.0,7.0,15.5556,47.4062,60.1928,67.1928,True,
67,benchmark-real-upload-067,True,200,d7b1b956-0181-472e-8d6f-ccf7e55a4066/2026-09-17_16-45-11_benchmark-real-upload-067_9855b1f74fb44f82ba93ac3587245364.jpg,8.6278,109.2972,118.0134,0.0884,07f0e399-1a6e-4b8e-bcbd-2187947edeea,64.0,3.0,8.0,29.0,14.0,1.0,2.0,57.0,7.0,10.9375,45.2972,54.0134,61.0134,True,
68,benchmark-real-upload-068,True,200,d7b1b956-0181-472e-8d6f-ccf7e55a4066/2026-09-17_16-45-11_benchmark-real-upload-068_31e9f039cae84dc8a92d3f7376ccae1c.jpg,9.0694,99.4203,108.5594,0.0696,653b834a-3c66-4723-82e0-a74e28bb31ad,52.0,3.0,9.0,25.0,5.0,0.0,1.0,43.0,9.0,17.3077,47.4203,56.5594,65.5594,True,
69,benchmark-real-upload-069,True,200,d7b1b956-0181-472e-8d6f-ccf7e55a4066/2026-09-17_16-45-11_benchmark-real-upload-069_606ac2c2b1fe44c6837a62f57adeb7bf.jpg,11.8061,159.1962,171.0694,0.0671,004cb697-d4d3-45fe-9972-32eee418a4f8,82.0,18.0,17.0,27.0,6.0,1.0,2.0,71.0,11.0,13.4146,77.1962,89.0694,100.0694,True,
70,benchmark-real-upload-070,True,200,d7b1b956-0181-472e-8d6f-ccf7e55a4066/2026-09-17_16-45-11_benchmark-real-upload-070_d83971162ed945768f0e481c20154f84.jpg,9.5907,115.7747,125.4493,0.0839,5cb33bca-559f-4acd-a3ea-5bc08def5cc6,55.0,4.0,12.0,20.0,5.0,0.0,2.0,43.0,12.0,21.8182,60.7747,70.4493,82.4493,True,
71,benchmark-real-upload-071,True,200,d7b1b956-0181-472e-8d6f-ccf7e55a4066/2026-09-17_16-45-11_benchmark-real-upload-071_2558ab97d24444258f677757bb2233ac.jpg,10.3849,142.5467,153.0126,0.081,cb86701e-bac9-4779-9c53-dc22e75cd84c,82.0,4.0,12.0,38.0,8.0,2.0,4.0,68.0,14.0,17.0732,60.5467,71.0126,85.0126,True,
72,benchmark-real-upload-072,True,200,d7b1b956-0181-472e-8d6f-ccf7e55a4066/2026-09-17_16-45-12_benchmark-real-upload-072_08abdedb28d04645b7d282d368dfbd97.jpg,21.4243,184.37,205.8586,0.0643,a7f79692-68b1-478d-8041-f59a78db2005,90.0,7.0,18.0,42.0,6.0,1.0,4.0,78.0,12.0,13.3333,94.37,115.8586,127.8586,True,
73,benchmark-real-upload-073,True,200,d7b1b956-0181-472e-8d6f-ccf7e55a4066/2026-09-17_16-45-12_benchmark-real-upload-073_a0edc468a8ae4a75882e9e886b8a8326.jpg,11.1193,115.7907,126.9794,0.0695,5df2713f-5751-40a6-ba7a-808a146aa5df,61.0,3.0,13.0,24.0,7.0,1.0,3.0,51.0,10.0,16.3934,54.7907,65.9794,75.9794,True,
74,benchmark-real-upload-074,True,200,d7b1b956-0181-472e-8d6f-ccf7e55a4066/2026-09-17_16-45-12_benchmark-real-upload-074_1a0373e83f3340ccbc3bb32e5a181275.jpg,11.4315,120.1096,131.6076,0.0665,0cf5f208-96fa-43a8-9d1a-aec09138e826,61.0,4.0,16.0,22.0,6.0,0.0,2.0,50.0,11.0,18.0328,59.1096,70.6076,81.6076,True,
75,benchmark-real-upload-075,True,200,d7b1b956-0181-472e-8d6f-ccf7e55a4066/2026-09-17_16-45-13_benchmark-real-upload-075_3e7137913ee0461a916f58f05375cd74.jpg,10.5831,121.7852,132.4459,0.0776,850244d3-d86c-4dd4-8f2b-60612f5283a9,68.0,3.0,11.0,36.0,6.0,1.0,2.0,59.0,9.0,13.2353,53.7852,64.4459,73.4459,True,
76,benchmark-real-upload-076,True,200,d7b1b956-0181-472e-8d6f-ccf7e55a4066/2026-09-17_16-45-13_benchmark-real-upload-076_58ee099aa1e54b7aaa3d64b1c5a1ff17.jpg,17.8311,105.2773,123.1851,0.0767,96e11022-3c26-4aae-998d-48e692aee6ad,54.0,3.0,10.0,25.0,5.0,1.0,2.0,46.0,8.0,14.8148,51.2773,69.1851,77.1851,True,
77,benchmark-real-upload-077,True,200,d7b1b956-0181-472e-8d6f-ccf7e55a4066/2026-09-17_16-45-13_benchmark-real-upload-077_fd6c671a30a8451d92ad84dd4ef2040d.jpg,10.156,110.061,120.2836,0.0666,09544578-defa-4cbe-8fd5-27fd055cc708,60.0,3.0,9.0,31.0,6.0,0.0,2.0,51.0,9.0,15.0,50.061,60.2836,69.2836,True,
78,benchmark-real-upload-078,True,200,d7b1b956-0181-472e-8d6f-ccf7e55a4066/2026-09-17_16-45-13_benchmark-real-upload-078_cf30848ab79744e19002da6ee9269cbe.jpg,11.5529,105.7082,117.324,0.063,a31addff-3d16-423a-8005-37db238c52ca,51.0,3.0,9.0,24.0,5.0,1.0,2.0,44.0,7.0,13.7255,54.7082,66.324,73.324,True,
79,benchmark-real-upload-079,True,200,d7b1b956-0181-472e-8d6f-ccf7e55a4066/2026-09-17_16-45-13_benchmark-real-upload-079_962f074c35a44550bf30d6e27930da56.jpg,8.6885,104.5324,113.2865,0.0656,6321c191-6b83-4f7d-9bfb-0dac48420d78,58.0,3.0,11.0,30.0,5.0,0.0,2.0,51.0,7.0,12.069,46.5324,55.2865,62.2865,True,
80,benchmark-real-upload-080,True,200,d7b1b956-0181-472e-8d6f-ccf7e55a4066/2026-09-17_16-45-13_benchmark-real-upload-080_453ea057ddae46dcbd58ad65f2341b2c.jpg,8.9689,115.9479,125.0213,0.1045,5d1508f9-9493-4777-921d-51e89fdabc8d,66.0,4.0,7.0,37.0,6.0,1.0,2.0,57.0,9.0,13.6364,49.9479,59.0213,68.0213,True,
81,benchmark-real-upload-081,True,200,d7b1b956-0181-472e-8d6f-ccf7e55a4066/2026-09-17_16-45-14_benchmark-real-upload-081_c9770403ba1d40f98adf5f4aeb1f6a7c.jpg,8.5264,107.8118,116.4087,0.0705,371b81a6-6292-4f67-8855-346531fc6032,59.0,3.0,8.0,26.0,9.0,1.0,2.0,49.0,10.0,16.9492,48.8118,57.4087,67.4087,True,
82,benchmark-real-upload-082,True,200,d7b1b956-0181-472e-8d6f-ccf7e55a4066/2026-09-17_16-45-14_benchmark-real-upload-082_cc3805147a0748459fecdf84cc3d49a0.jpg,8.8145,100.0426,108.9164,0.0593,f9280b51-65a7-47bc-9b12-29c3a1927dee,49.0,3.0,7.0,24.0,5.0,0.0,1.0,40.0,9.0,18.3673,51.0426,59.9164,68.9164,True,
83,benchmark-real-upload-083,True,200,d7b1b956-0181-472e-8d6f-ccf7e55a4066/2026-09-17_16-45-14_benchmark-real-upload-083_41c799d1cecc49e2a9126ae9ef7930bb.jpg,8.6683,109.8257,118.5565,0.0625,cd9b9a48-99e8-445d-bf4c-6942b0bedd71,65.0,3.0,7.0,37.0,6.0,1.0,2.0,56.0,9.0,13.8462,44.8257,53.5565,62.5565,True,
84,benchmark-real-upload-084,True,200,d7b1b956-0181-472e-8d6f-ccf7e55a4066/2026-09-17_16-45-14_benchmark-real-upload-084_7bf45e19c79446e195ff8126ee3f6408.jpg,9.22,117.99,127.2882,0.0783,ccb694f2-8db7-49da-921d-698ed4723c34,70.0,6.0,9.0,35.0,6.0,0.0,2.0,58.0,12.0,17.1429,47.99,57.2882,69.2882,True,
85,benchmark-real-upload-085,True,200,d7b1b956-0181-472e-8d6f-ccf7e55a4066/2026-09-17_16-45-14_benchmark-real-upload-085_cd1587197f69449d90c8b9991b2ed797.jpg,14.2025,125.8916,140.1596,0.0655,b2834188-09b1-40a9-b03b-c9c9c3f494e1,68.0,3.0,14.0,34.0,6.0,1.0,2.0,60.0,8.0,11.7647,57.8916,72.1596,80.1596,True,
86,benchmark-real-upload-086,True,200,d7b1b956-0181-472e-8d6f-ccf7e55a4066/2026-09-17_16-45-14_benchmark-real-upload-086_fec01273c27048b0b557f16ebf10dfbd.jpg,10.0626,189.0443,199.1685,0.0616,30f61f21-85cf-4395-86e5-3bba323bbfa5,127.0,6.0,72.0,19.0,5.0,0.0,2.0,104.0,23.0,18.1102,62.0443,72.1685,95.1685,True,
87,benchmark-real-upload-087,True,200,d7b1b956-0181-472e-8d6f-ccf7e55a4066/2026-09-17_16-45-15_benchmark-real-upload-087_1e6fe25bda444d0c9e86ae486c580dd2.jpg,13.7829,104.6199,118.4434,0.0406,0d36b3d3-4680-41c1-b874-596aaf94817c,56.0,5.0,9.0,25.0,5.0,1.0,2.0,47.0,9.0,16.0714,48.6199,62.4434,71.4434,True,
88,benchmark-real-upload-088,True,200,d7b1b956-0181-472e-8d6f-ccf7e55a4066/2026-09-17_16-45-15_benchmark-real-upload-088_5edf01ca176b4aa1893e120804cb5200.jpg,13.0717,106.7736,119.9412,0.0959,e7a09e96-2a5c-4f99-b59f-ba5abe84947a,51.0,3.0,10.0,19.0,6.0,1.0,2.0,41.0,10.0,19.6078,55.7736,68.9412,78.9412,True,
89,benchmark-real-upload-089,True,200,d7b1b956-0181-472e-8d6f-ccf7e55a4066/2026-09-17_16-45-15_benchmark-real-upload-089_833af5ed173145f2a8effcc6a772ebba.jpg,11.9817,111.1262,123.1731,0.0653,b32412b3-1cd2-4091-84dc-4bdbcfd20f20,60.0,2.0,11.0,32.0,5.0,0.0,2.0,52.0,8.0,13.3333,51.1262,63.1731,71.1731,True,
90,benchmark-real-upload-090,True,200,d7b1b956-0181-472e-8d6f-ccf7e55a4066/2026-09-17_16-45-15_benchmark-real-upload-090_2fa7b86851a04f07bcb1ce1138b08b88.jpg,13.7015,100.5855,114.358,0.071,a8485116-f988-4fbd-8d9c-cf97ab474bc8,55.0,4.0,10.0,26.0,5.0,0.0,2.0,47.0,8.0,14.5455,45.5855,59.358,67.358,True,
91,benchmark-real-upload-091,True,200,d7b1b956-0181-472e-8d6f-ccf7e55a4066/2026-09-17_16-45-15_benchmark-real-upload-091_43ec84403f3b428dbfdb354611950fdd.jpg,10.6876,98.3303,109.0827,0.0648,495032a0-ecc7-4067-9d68-14728a467754,54.0,3.0,9.0,24.0,5.0,0.0,3.0,44.0,10.0,18.5185,44.3303,55.0827,65.0827,True,
92,benchmark-real-upload-092,True,200,d7b1b956-0181-472e-8d6f-ccf7e55a4066/2026-09-17_16-45-15_benchmark-real-upload-092_f036baa6250f4f1198d80762b42f8209.jpg,56.9232,178.7987,235.8658,0.144,52bf7c54-0f73-4293-ba59-84ed74e5c46c,54.0,3.0,13.0,22.0,5.0,1.0,2.0,46.0,8.0,14.8148,124.7987,181.8658,189.8658,True,
93,benchmark-real-upload-093,True,200,d7b1b956-0181-472e-8d6f-ccf7e55a4066/2026-09-17_16-45-16_benchmark-real-upload-093_bcd006ed7af242cd8318d60ff6a58f29.jpg,11.807,105.951,117.8624,0.1044,60460c28-9480-4cbf-a6b5-b64495f98f7c,54.0,3.0,8.0,25.0,7.0,1.0,2.0,46.0,8.0,14.8148,51.951,63.8624,71.8624,True,
94,benchmark-real-upload-094,True,200,d7b1b956-0181-472e-8d6f-ccf7e55a4066/2026-09-17_16-45-17_benchmark-real-upload-094_725da89377b445018495578f61084f92.jpg,29.1679,195.2459,224.5852,0.1713,07bfccd3-9095-487d-8479-e3593e65e930,131.0,3.0,11.0,97.0,6.0,1.0,3.0,121.0,10.0,7.6336,64.2459,93.5852,103.5852,True,
95,benchmark-real-upload-095,True,200,d7b1b956-0181-472e-8d6f-ccf7e55a4066/2026-09-17_16-45-17_benchmark-real-upload-095_f5c8fefd2b56450cbf2975d4e42ad91f.jpg,22.5962,105.3227,127.9912,0.0723,dbe97672-43e6-4917-9f85-aa89c3bf682f,51.0,3.0,13.0,20.0,5.0,1.0,2.0,44.0,7.0,13.7255,54.3227,76.9912,83.9912,True,
96,benchmark-real-upload-096,True,200,d7b1b956-0181-472e-8d6f-ccf7e55a4066/2026-09-17_16-45-17_benchmark-real-upload-096_5631e3f93fc54897aac7d71f6bfbe76e.jpg,10.1531,103.7426,113.985,0.0893,95e63ca0-4593-4190-a803-3547cb3f9d32,55.0,5.0,9.0,24.0,7.0,1.0,2.0,48.0,7.0,12.7273,48.7426,58.985,65.985,True,
97,benchmark-real-upload-097,True,200,d7b1b956-0181-472e-8d6f-ccf7e55a4066/2026-09-17_16-45-17_benchmark-real-upload-097_2ae7a0d76e9649588cdcb3a77418efd3.jpg,9.2179,105.0086,114.2951,0.0686,8eac577d-3f17-4022-8bdf-80cc98a5af64,56.0,3.0,9.0,29.0,5.0,0.0,2.0,48.0,8.0,14.2857,49.0086,58.2951,66.2951,True,
98,benchmark-real-upload-098,True,200,d7b1b956-0181-472e-8d6f-ccf7e55a4066/2026-09-17_16-45-17_benchmark-real-upload-098_c786ae98969d408782e36ed9f83db8df.jpg,9.2297,104.1735,113.5112,0.1079,46eb634e-8bc5-428d-af52-6a2447243036,59.0,3.0,11.0,29.0,6.0,1.0,2.0,52.0,7.0,11.8644,45.1735,54.5112,61.5112,True,
99,benchmark-real-upload-099,True,200,d7b1b956-0181-472e-8d6f-ccf7e55a4066/2026-09-17_16-45-18_benchmark-real-upload-099_0b9a90b2670545629155b1905158d3c1.jpg,11.2,114.1002,125.3678,0.0677,276d6db8-29ec-457b-b038-b19af4f44f9a,62.0,8.0,9.0,29.0,5.0,1.0,2.0,54.0,8.0,12.9032,52.1002,63.3678,71.3678,True,
100,benchmark-real-upload-100,True,200,d7b1b956-0181-472e-8d6f-ccf7e55a4066/2026-09-17_16-45-18_benchmark-real-upload-100_911a0c9b9c03405dafa841f7fc4b50a6.jpg,15.2282,128.9233,144.213,0.0615,58ce6c77-b69a-4e0c-8c35-bc4d72bc7b69,67.0,4.0,16.0,29.0,5.0,1.0,2.0,57.0,10.0,14.9254,61.9233,77.213,87.213,True,
