metric,description,count,mean,p50,p95,min,max,std
upload_latency_ms,Fresh image upload latency via /files/upload/{flow_id},100,12.2244,10.4577,22.8864,8.1955,56.9232,6.4375
flow_api_latency_ms,Flow POST /run latency after image has been freshly uploaded,100,108.1692,96.5807,160.1763,84.0858,506.1862,45.9536
user_e2e_latency_ms,Realistic client latency: fresh upload + flow run + response,100,120.5554,108.9995,172.4743,92.6444,518.3173,47.6305
trace_total_latency_ms,Langflow internal full-flow trace latency,100,53.04,48.0,82.0,41.0,131.0,15.0198
chat_input_ms,Chat Input component latency,100,3.03,3.0,5.05,2.0,18.0,1.8934
scrfd_preprocess_ms,SCRFD Preprocess component latency,100,10.57,9.0,16.05,6.0,72.0,7.4308
scrfd_inference_ms,SCRFD Inference component latency,100,22.89,19.0,37.0,17.0,97.0,9.6105
scrfd_draw_detections_ms,SCRFD Draw Detections component latency,100,5.48,5.0,7.0,5.0,14.0,1.1501
detection_image_output_ms,Detection Image Output component latency,100,0.59,1.0,1.05,0.0,2.0,0.5877
chat_output_ms,Chat Output component latency,100,1.94,2.0,2.05,1.0,4.0,0.4887
component_sum_ms,Sum of six component latencies,100,44.5,40.0,68.15,33.0,121.0,13.7529
internal_orchestration_overhead_ms,Trace Total - Component Sum (internal Langflow orchestration/framework gap),100,8.54,8.0,12.0,6.0,23.0,1.9971
internal_orchestration_overhead_percent,Internal orchestration gap as percentage of trace total,100,16.5008,16.6667,20.9476,7.6336,22.6415,2.7439
flow_api_minus_trace_ms,"Flow POST latency - trace total (outer flow/API gap, excludes upload)",100,55.1292,47.4066,72.5152,41.911,459.1862,42.4119
user_e2e_minus_trace_ms,User E2E - trace total (includes fresh upload + outer flow/API gap),100,67.5154,58.2413,89.2952,50.6444,471.3173,43.9106
user_e2e_minus_component_sum_ms,User E2E - component sum,100,76.0554,66.1401,100.2452,58.6444,478.3173,43.9551
